{
	"questionArray": 
	[
	    {
	        "meta-data":"unused",
			"questionText": "If a good hash function is found and a reasonable table size is used for a hash table, then the operations of put, remove, and get should achieve an average time complexity of _____ where $N$ is the number of items and $TS$ is the size of the table.",
	        "topic": "hash table",
	        "image":"none",
	        "choiceArray": 
	        [
	        	{"isCorrect":"T","choice":"$O(1)$"},
	        	{"isCorrect":"F","choice":"$O(log N)$"},
	        	{"isCorrect":"F","choice":"$O(log_{TS} N)$"},
	        	{"isCorrect":"F","choice":"$O(N^{TS})$"},
	        	{"isCorrect":"F","choice":"$O(N)$"}
	        ]
	    },
	    {
	        "meta-data":"unused",
			"questionText": "Which command will change the current working directory to a sub-directory named $p3$?",
	        "topic": "linux",
	        "image":"none",
	        "choiceArray": 
	        [
	        	{"isCorrect":"F","choice":"pwd"},
	        	{"isCorrect":"F","choice":"cwd"},
	        	{"isCorrect":"F","choice":"cp"},
	        	{"isCorrect":"T","choice":"cd"},
	        	{"isCorrect":"F","choice":"mkdir"}
	        ]
	    },
	    {
	        "meta-data":"unused",
			"questionText": "Which of the following tree sets are all height-balanced trees? Choose most complete list.",
	        "topic": "tree",
	        "image":"none",
	        "choiceArray": 
	        [
	        	{"isCorrect":"F","choice":"AVL"},
	        	{"isCorrect":"F","choice":"AVL and Red-Black"},
	        	{"isCorrect":"T","choice":"AVL and B-Tree"},
	        	{"isCorrect":"F","choice":"Red-Black and B-Tree"},
	        	{"isCorrect":"F","choice":"AVL, Red-Black, and B-Tree"}
	        ]
	    },
	    {
	        "meta-data":"unused",
	        "questionText": "What is the best case , worst case time complexity for inserting a into a BTree where the branching factor is a positive integer $b$ and $N$ is the number of keys? Choices shown as: best case , worst case.",
	        "topic": "tree",
	        "image":"none",
	        "choiceArray": 
	        [
	        	{"isCorrect":"F","choice":"$O(N)$ , $O(N)$"},
	        	{"isCorrect":"F","choice":"$O(N)$ , $O(log_b N)$"},
	        	{"isCorrect":"F","choice":"$O(1)$ , $O(log_b N)$"},
	        	{"isCorrect":"F","choice":"$O(1)$ , $O(N)$"},
	        	{"isCorrect":"T","choice":"$O(log_b N)$ , $O(log_b N)$"}
	        ]
	    }
	] 
}